Path,Label
00334d13-4962-4b53-9dd2-121f8f000beb_jpg.rf.10daa7dfba7e7482ca79720cd27ec8f4.jpg,1
016bad69c2_jpg.rf.30581d3b4cf3e212d66a9de8f643efed.jpg,1
01c410de-6fd3-4612-8bb1-5a179c351a20_jpg.rf.bce5e4495f7724dc371bb9d4722a174b.jpg,1
01c410de-6fd3-4612-8bb1-5a179c351a20_jpg.rf.c45498975de07dac0e332275df3efa2d.jpg,1
01cf2502d5_jpg.rf.30235f08634dd31660c593606f3436b3.jpg,2
023a9c7804_jpg.rf.f2cf3eb3cf296d421bae48d2e59aeaba.jpg,1
02523cc4-381a-4ff4-94b8-63140e157a6d_jpg.rf.924cbd71f571565a55e0e27247a250b4.jpg,1
02523cc4-381a-4ff4-94b8-63140e157a6d_jpg.rf.c6d2fbd5a8d6705a37a1ec23e1ba2954.jpg,1
026b6bf6ed_jpg.rf.31d84eb9eec95e67c7a5be1a0ba3e9f4.jpg,8
03324a24-ea43-477a-a959-c716c43b5603_jpg.rf.5da58ef19e8f895f0d20ead601a2ff7c.jpg,2
0449a7f119_jpg.rf.8169c33a2c9815bfc62c78264468d1c1.jpg,8
0474cca2ab_jpg.rf.f8ff637a81627c6d21f8b0f73d5f880a.jpg,1
04abfd84-5b1a-44e5-9c1e-85efcce698f1_jpg.rf.466d394838c578374cc4ddb495aa8f83.jpg,1
04fb6c4fed_jpg.rf.e865440b0eb3a98e85b178fcfce6fa59.jpg,8
08239ad715_jpg.rf.fd29ffac1f8d60adab2a083f550277a7.jpg,8
08665546-9cd5-413b-9eb8-baebbb7e34fd_jpg.rf.4ac01408836451a7c733cc8df851281c.jpg,1
0a030b6c5a_jpg.rf.7c5ccb4cc471ce3a1a608fa4c128de2e.jpg,1
0af89feef6_jpg.rf.eeb17bc47b0eb24f479f0a379089ad25.jpg,1
0ba4fa31-913c-45be-9e59-bc14fe4f324e_jpg.rf.0bd8b5fb465ecf4ddc72e8fd192a5d76.jpg,1
0cd85383-73ca-4311-b40a-6f81b590c8ee_jpg.rf.12f90ec024fa0abaf551f7d3b631910b.jpg,1
0d51d01a3a_jpg.rf.5f577fad385ffadb96f71a6fdd45f672.jpg,1
0dc711d21f_jpg.rf.3fd22f0bd38e87a8daa15f1ada3cefff.jpg,1
0dfe9d8acd_jpg.rf.a2ee8296d46912a043ae71db6efc3ffc.jpg,1
0e30187668_jpg.rf.e80de0b3dd94801bf8e5b9c163df563b.jpg,8
0fb0786654_jpg.rf.b5e8b74265969dc0425939ef51b571b9.jpg,27
104375946f_jpg.rf.4e0be3328fc65f6d84d13c23204caf26.jpg,23
106a4659be_jpg.rf.42d410486a0df0afa8e01f64e740b4f1.jpg,1
11670a5c4e_jpg.rf.4ab4fac45fff13ba7ab003beb91a1828.jpg,8
135c951b-edfb-41ee-b8a3-4a6626678721_jpg.rf.cb5921f131e467671f75abac3899328d.jpg,1
138da746-da49-43ee-86ba-99ef94e4dd5e_jpg.rf.6de3ab5bf07eea9555f52fdacb5aecc7.jpg,1
13a4c1e0-3d47-43d0-b6f2-bc1e10ff90c4_jpg.rf.6cfe4210a107fee2c56b93423d68408f.jpg,1
13a4c1e0-3d47-43d0-b6f2-bc1e10ff90c4_jpg.rf.a6eb86cc9ebbecec9dbec309ba12becb.jpg,1
1589adc838_jpg.rf.eaba833e871718cc4929762254b31cfa.jpg,8
15afcaa5-11e0-4715-adae-63fd578b9d03_jpg.rf.cf143a6a169d2b5b8ddb1b803b93ebba.jpg,2
15afcaa5-11e0-4715-adae-63fd578b9d03_jpg.rf.f23d1caf2c96cef24167728ea4b6ca92.jpg,2
163e3a72-eb40-4d19-8778-c756a15abb5a_jpg.rf.291851f890af8b8ccea02b25b7a17e30.jpg,2
16b11066-d60b-4a12-b852-f6b5a6915c4c_jpg.rf.5af0fe2f5fd76d4afec5de0f5b5a3a90.jpg,1
16b11066-d60b-4a12-b852-f6b5a6915c4c_jpg.rf.77a84a71c401f1741ff5acd7328b1f9c.jpg,1
16cdabc6-d5fe-4e27-8c61-34e0bb58d646_jpg.rf.c60e80df043dc3447ce489bc45d0ad60.jpg,1
16de0210-3a65-4042-a18d-f2f6f0b195e5_jpg.rf.384fdd6ec3d1db873946c4f72ed5a97c.jpg,1
16de0210-3a65-4042-a18d-f2f6f0b195e5_jpg.rf.e3b855692f9e909d237ec25ddb6e44d2.jpg,1
174dd15a12_jpg.rf.683c70db004572ca8fa4349ba8847fc3.jpg,16
17879eacc8_jpg.rf.b6086ce86d3b0699e3277b702d405634.jpg,1
19687092-68a2-495f-a349-4069409a5d29_jpg.rf.b34066b84b27ee85ca734aa64235c8e3.jpg,1
19b828d9-f1f0-4720-9211-054e39a51b7d_jpg.rf.701f2e0998901018fc721ea0e4eab272.jpg,1
1c67dde3-5369-4e88-9e4f-989490ec5299_jpg.rf.afb799954a9dc20057bfb86542b11c79.jpg,1
1c67dde3-5369-4e88-9e4f-989490ec5299_jpg.rf.cc2e9164c59fa2c997558b7028d65a8b.jpg,1
1ebcf2e154_jpg.rf.0f16247974e7a5d36c891486e2fd997f.jpg,1
1ee845b9ba_jpg.rf.7367812cd9a5be1420efa2b40e384621.jpg,8
2082a2953f_jpg.rf.6c794a531aa55f6dc8e8a6a86bc7cfd3.jpg,16
2240752b-feb7-4e21-945d-6acb27be52d0_jpg.rf.40e7c82f976e5b40c64fbfbfb818124d.jpg,1
2240752b-feb7-4e21-945d-6acb27be52d0_jpg.rf.e496aba385dbb69b80aab39865fa476e.jpg,1
227865fbd5_jpg.rf.bf98e26deb6e3f2dfb3dce619b370298.jpg,8
23e5dfe5-11c2-4871-ba5c-1022394f57cd_jpg.rf.41c7f930e10937ff7f6d715618f537d0.jpg,1
23e5dfe5-11c2-4871-ba5c-1022394f57cd_jpg.rf.85c9e14ebda87d051fdc3a39ae187701.jpg,1
26d34d1fe4_jpg.rf.464585f98a4840421caafb526aa0c1e4.jpg,9
277425e2-7f0d-485d-afa0-389754a7def0_jpg.rf.3ca9d6494dbd2cd9696c9919641ea89d.jpg,1
277425e2-7f0d-485d-afa0-389754a7def0_jpg.rf.9c610e73341d6e57c7a01f306edfc2ac.jpg,1
277425e2-7f0d-485d-afa0-389754a7def0_jpg.rf.bc205610b07e6f46d9e9c3cba33fc63e.jpg,1
284a779c11_jpg.rf.5f10f5b317a7a7615c0a5223164504eb.jpg,1
295da09780_jpg.rf.cc056a967e8771e7c44ed2add2837036.jpg,3
297af229-bf66-445f-9265-e83bc92b87c1_jpg.rf.2f3f6aa89328a23f046b99b63c9d8099.jpg,1
2bb089a3-fbe5-4140-b3a5-cc8c98b434a0_jpg.rf.11e66cfcc399c895124b26576c878b18.jpg,8
2caf4286-f7a0-431d-b849-960105ca691f_jpg.rf.4a06933712ac17177871a19af199c759.jpg,3
2caf4286-f7a0-431d-b849-960105ca691f_jpg.rf.7ed1b5af13bb766eb2105f9df8b987ef.jpg,3
2caf4286-f7a0-431d-b849-960105ca691f_jpg.rf.c61cba5292a325994368690207bbba09.jpg,3
2df30cff89_jpg.rf.cf6a2b5c460ceb1f651736c04e88f4d0.jpg,8
2e22d560-8d55-4a8d-bc9c-d17a5cddfadc_jpg.rf.11c056cdc2cb651dcd8e6d00f6894198.jpg,1
2e42a8a028_jpg.rf.bc149d2217d0fb3662f20b934151aa4f.jpg,3
2f20e6f6a3_jpg.rf.90554ba9fe211e9c5c83d1069c0276e6.jpg,9
2fadfde717_jpg.rf.95668ffc7ffdd559da5bd1f27b8ca590.jpg,3
328eed18-f6a8-4eaf-b513-c14e7bb532f9_jpg.rf.b3a597ab7bf4c02de4a30ee8d5552c2e.jpg,1
339e7a7f-cb67-4103-9d3f-f338c69983b0_jpg.rf.17e29c4d5c4c2b5465450016471b66e0.jpg,1
339e7a7f-cb67-4103-9d3f-f338c69983b0_jpg.rf.4c02551a504b01b9a65a04549c2256ad.jpg,1
35a1c45ae0_jpg.rf.4488f1ad18d832e6fbdde502763f65ab.jpg,9
35a49684-b30d-4249-a35a-9385813b71a1_jpg.rf.309e21a071bc92fdba329f435613e0d2.jpg,1
35a49684-b30d-4249-a35a-9385813b71a1_jpg.rf.fc15402961da3e71af44be3b6d2bbb9b.jpg,1
37abd5b122_jpg.rf.54bf151942634c60efae6a7e7b866936.jpg,8
37e8de7b-bd1d-4909-a28a-5b1fd91a15de_jpg.rf.d701dab98270e05f3ab911473da3e416.jpg,2
3870f109-9787-4ca1-b3a9-c55824c6dff4_jpg.rf.3f8f12593ebeea9daf9d693cd04ccfb0.jpg,1
38aba539-d3a8-4511-abba-aed494156227_jpg.rf.44869f781b336b3edeac6a5df9d548e3.jpg,2
38aba539-d3a8-4511-abba-aed494156227_jpg.rf.99840a1c4e02bd0d0a23c5a8c4d3b06d.jpg,2
3a16ee60d1_jpg.rf.d0a9157b49ca0ebe7441b538ea51e017.jpg,3
3cef209534_jpg.rf.2d2fa166efeda2b7950f4256f356c04a.jpg,1
3d8d27bd59_jpg.rf.76259a70e7da978c6db8abae466efbb3.jpg,8
3e5f22cfa7_jpg.rf.af17fb636fc44c4e06f196272a222d9e.jpg,1
3f32a19322_jpg.rf.04bddf2e154ab2727895cb79fe9dbd7b.jpg,2
3faaad8493_jpg.rf.e6ed9d80b40ee97e74ea5c28681a7b7c.jpg,2
40798eb414_jpg.rf.c269b136a63bcb5861aaa1b0b0d68ffe.jpg,8
40bb6c3a-5f3c-4072-bb34-c279b60a2c4b_jpg.rf.91d8e4018095d1fa827364c2cec60bcd.jpg,2
40bb6c3a-5f3c-4072-bb34-c279b60a2c4b_jpg.rf.be244d62e98116713418fc2eba731e8e.jpg,2
41d740f5-c8f7-414b-a2c1-54d1a124d7c4_jpg.rf.08d3883bb48e6754c05c7fb42913a689.jpg,1
41d740f5-c8f7-414b-a2c1-54d1a124d7c4_jpg.rf.d434b00ab0efcfca31a63930dbf880b4.jpg,1
41d740f5-c8f7-414b-a2c1-54d1a124d7c4_jpg.rf.d8baeda54710cf35fba1be0e66b3e00b.jpg,1
436c85b6-0306-4fc0-ab57-a8d758ed5dfe_jpg.rf.088caca0d71840db9b63ee8ec057fdd6.jpg,2
43be1b59b6_jpg.rf.85400134b4d5419f6e8ebd1c72623ceb.jpg,1
44c45ada-7abc-4310-bc68-f471289373b3_jpg.rf.1cc63e1c663e13e7b5658cc124ebc85e.jpg,2
44c45ada-7abc-4310-bc68-f471289373b3_jpg.rf.8cf3cde82a6f77ebfaf0455820ffdfd2.jpg,2
44c45ada-7abc-4310-bc68-f471289373b3_jpg.rf.f0b66c5c46b316e80cf8abe0106569e8.jpg,2
44d7a5a16f_jpg.rf.05efd68f2250b90758233c58753c709e.jpg,2
474a157295_jpg.rf.714ce76239fded5e36f6ffe3bb469bf1.jpg,1
47808cb23d_jpg.rf.206fd4f12322c8c502897654d4d93b8c.jpg,39
489ce1b9-728d-4e64-bf6a-9c4079aa15b9_jpg.rf.6d0ffb88d72aef32bc8fa476d55ed69e.jpg,1
489ce1b9-728d-4e64-bf6a-9c4079aa15b9_jpg.rf.72cad80d7ec90ea0c8446f521bfa83a7.jpg,1
48a7e62b-c6aa-475f-b194-65e4eadd9428_jpg.rf.9869d42ad260c0b355ffc6b117a51426.jpg,3
48f264b1-29ce-47ef-bc83-5419e4686718_jpg.rf.01dee6ec2df40fc4d99876052b8b96f3.jpg,1
48f264b1-29ce-47ef-bc83-5419e4686718_jpg.rf.7f341cbeb61809b1a29de7a78863359a.jpg,1
49ab715d-ae4c-4a22-8318-2a219a8330d7_jpg.rf.31828c4e5945fc177c2109581e18bfa2.jpg,2
49ab715d-ae4c-4a22-8318-2a219a8330d7_jpg.rf.6bda75df3ac3b38c8afa27b44b860fde.jpg,2
49ab715d-ae4c-4a22-8318-2a219a8330d7_jpg.rf.938d920215464ff7729ae90862968303.jpg,2
4a7b7663-f095-459a-bc64-74398543d938_jpg.rf.7f81d004415de0942c325d82139d76ce.jpg,1
4a7b7663-f095-459a-bc64-74398543d938_jpg.rf.bd17acdae2eef12dc07ab9c0d6ed6564.jpg,1
4a954900-5bc9-4d74-9ff6-1f25f2aacc1c_jpg.rf.22c71c9e064f5a1da80997800a6f815b.jpg,1
4a954900-5bc9-4d74-9ff6-1f25f2aacc1c_jpg.rf.f72b322ccf581706ed1d99204c1f6e47.jpg,1
4b5ac94af2_jpg.rf.82f90bd5b351e79bc69ffc86c4f49941.jpg,1
4dc75f545a_jpg.rf.4770b4120ce6500312150a7810c48205.jpg,1
4dd74a46b9_jpg.rf.656422aaf81f807ed47bf23fbbacf6d6.jpg,2
4dfdb85e6c_jpg.rf.b06204840208c120754de19e50c1017f.jpg,1
4e242d47-1f03-4d43-ab9d-f4f0df0fa2bc_jpg.rf.2e6dbafede288b6c78b77bfa058b588b.jpg,1
4e242d47-1f03-4d43-ab9d-f4f0df0fa2bc_jpg.rf.5697bf187879fd9be8c5adb00d7ccfa2.jpg,1
4fa60b1343_jpg.rf.bd20bd0d4ad8e11ea3374c35afc2b98e.jpg,10
5346a5a991_jpg.rf.f083ed51a7dfc22f793152574a7e7f02.jpg,7
53cee6eabd_jpg.rf.058e9336b96eb007a57e5fd21afeb71a.jpg,1
54414528-bea4-42f9-b629-9d592ac75a89_jpg.rf.415e8f524b6b21f3de0d22b63a1e8b7b.jpg,2
5489ec1fb5_jpg.rf.ece53e53a2ae0811bddd9ca430bf9f39.jpg,1
557dc9082e_jpg.rf.e9a53dd314453737f687ead486654210.jpg,5
56063bf99f_jpg.rf.1c392386fbd2503deda8e8b6c64628d2.jpg,2
58c8e791-c8d1-434f-a5c3-552d75574fd2_jpg.rf.907a37b98bec998691bf03a02d465c74.jpg,1
5900a5dd22_jpg.rf.8ed038b6efea77e618982942e4ce7b15.jpg,1
59cd7eac39_jpg.rf.82af2c6f621caa50df819569330dd763.jpg,3
5c8a6943-e193-4913-8e7b-7f1c401fde07_jpg.rf.7619ce4df7bec1241d975f01fef1cd08.jpg,1
5_1477145580_jpg.rf.db02276e061a84708f51aa4553542f20.jpg,1
6116415f-324f-48bf-bb6c-1e34006c8271_jpg.rf.74c347377c3b4eaa8b6c4558e269dbeb.jpg,1
6116415f-324f-48bf-bb6c-1e34006c8271_jpg.rf.85e95574e5966ed3b11fc9d0945c3965.jpg,1
6116415f-324f-48bf-bb6c-1e34006c8271_jpg.rf.95050152b25f5f1d2c33444bd5f5a48e.jpg,1
61236109ef_jpg.rf.b3240c2c5445ffaefe2cac0a56627cff.jpg,8
6141a01c-e9c8-409c-8fc0-d6d3c203459d_jpg.rf.96630a5e546e429a3ef106f911c005e8.jpg,1
6155a971-0504-4077-9e55-99889e7357fe_jpg.rf.c0840a4d5d81b815ce52548ce342d169.jpg,2
617ce75a74_jpg.rf.87c58c1c7ab5b946c36265cfdc98d323.jpg,1
6244ebd2a6_jpg.rf.d22ebaef5e0058cacb88241d69286d22.jpg,1
65df499473_jpg.rf.31d850bdce88fc4a3e163ae84cb39bad.jpg,2
661fb432d8_jpg.rf.3e671d94537a1e49247b84e1958200f6.jpg,2
669b6b8221_jpg.rf.be044e231439c0e1ec2e7b7bfee5c6bb.jpg,2
66bbd666dc_jpg.rf.c37e9c2369afe2bb647695cc285f1b06.jpg,8
683dd730-e2b0-44ca-a611-815397abe260_jpg.rf.72d7a7af9143a508a0354e6964e66c92.jpg,3
683dd730-e2b0-44ca-a611-815397abe260_jpg.rf.7505625a9ad813c9d40da79d6c7e36b8.jpg,3
6c5115967d_jpg.rf.294d59deca641d362c90c5f936f59681.jpg,1
6c878874-5e1a-4b28-a72f-bec454efa05d_jpg.rf.3d61620a867641f9c3fd1340e4f0bb37.jpg,1
6c878874-5e1a-4b28-a72f-bec454efa05d_jpg.rf.fc505ce242e260943fd73a6537fb6a22.jpg,1
6d65516fa2_jpg.rf.34754088a37fe4d3fd57fb0f57660df6.jpg,16
6db3a4d1-4347-4b66-acdb-12f478dc4221_jpg.rf.ddada48c3cb04fa18fe97a8ef47e14b5.jpg,1
6e1ffaa89f_jpg.rf.58ca811c1b77e42b70170766c34f7684.jpg,2
70eb01116a_jpg.rf.097b367695d25ea0583db61df5d15a60.jpg,1
73c5a8a67e_jpg.rf.be4e67e27869f629812a28b5baa15dad.jpg,1
73f7629b-270b-49cc-9da5-6b83b05a15fa_jpg.rf.37220a5c2829731a9b45dd2a37063de0.jpg,1
73f7629b-270b-49cc-9da5-6b83b05a15fa_jpg.rf.6108c272d98ac447915df5e0f7d0c280.jpg,1
740ead22ad_jpg.rf.680f660189cbc6114a5f13a69ea47be9.jpg,10
744c50c7-ba67-4fd4-ba40-ad9c12b92991_jpg.rf.525e19190bcdf575c28ac484114bffb6.jpg,1
744c50c7-ba67-4fd4-ba40-ad9c12b92991_jpg.rf.ef22faa9acc2b1cd7fae0943ecf43239.jpg,1
74b6f2e0-e0cc-44d8-80ff-27d7d0c9ad0b_jpg.rf.89315b021341d751547914ab6aba3bd4.jpg,1
74b6f2e0-e0cc-44d8-80ff-27d7d0c9ad0b_jpg.rf.9b7464ec3f14d7c8aaaaf1422a2829cf.jpg,1
7550f984-426c-4150-a619-28d7a3fec54a_jpg.rf.bbfb8fb948cccc379fcc196044eb4453.jpg,1
75e8ef4b-d9bd-48da-a1ee-b369d385b24c_jpg.rf.dd72ec52bf9dd11862a081d3d2022381.jpg,2
75e8ef4b-d9bd-48da-a1ee-b369d385b24c_jpg.rf.f818934eb216ec067b203f8e8d8ec837.jpg,2
76f525973a_jpg.rf.3ac2e40188baf9ec72aa962f45d375e3.jpg,1
77d7424a-c949-4ff7-b656-45a9bfa5717d_jpg.rf.52f65e059301795eeae38c686a3128b2.jpg,1
77d7424a-c949-4ff7-b656-45a9bfa5717d_jpg.rf.bcc42bba230ce97c3ff28799a139c016.jpg,1
77d7424a-c949-4ff7-b656-45a9bfa5717d_jpg.rf.f2aad8a7ed13097a96b5aaff2a725824.jpg,1
786dc4a7-b256-45eb-a057-2e73555729eb_jpg.rf.1a4cd4e11ad29b247e012b52f5bf3e30.jpg,2
786dc4a7-b256-45eb-a057-2e73555729eb_jpg.rf.324fde44cfc3bab8e52f1bef2175bb06.jpg,2
78b48c757b_jpg.rf.3f80c5661c53b01d7cbea7e118ea3408.jpg,8
7a5389d5f6_jpg.rf.78972a1244345020c58ec2325317b5ad.jpg,1
7b645a97ae_jpg.rf.e91f505b5b813cc6297422cef2ce46d6.jpg,18
7b9a802511_jpg.rf.172bcfce683a031348dbc46593131eb2.jpg,3
7cd846ace8_jpg.rf.5e56a6650c1d6cdca8249ca474d71ef0.jpg,16
7d87a3263f_jpg.rf.3d4aa2695fb78697440fa889c0a1f925.jpg,8
7e3e35ec-2961-419a-a5ca-f9a04380b94f_jpg.rf.1d14ac137441fbfada185dd4b3ec67e5.jpg,1
7e3e35ec-2961-419a-a5ca-f9a04380b94f_jpg.rf.b18f3fce8cdfc6d0d98601fa0bfbb204.jpg,1
7ebe8e9cf1_jpg.rf.19a9eef7401f4248638d997c06017ee5.jpg,8
81781e538c_jpg.rf.57218c33edd5a235082f8a2cd82ea454.jpg,12
82abf4f0cf_jpg.rf.0fdc0901c399a8de5ae0504889129c85.jpg,8
8371fc5e-766d-4f1f-992c-63d171a28b28_jpg.rf.0130dd9f7f384c6c96e9852eefcc85c5.jpg,1
8371fc5e-766d-4f1f-992c-63d171a28b28_jpg.rf.b521b605bcc12048a5d40f8d717bfea7.jpg,1
8461f6e4-f7d4-41db-bd05-7f94a1ddf53a_jpg.rf.269947cfd7e4b8ed9caec0ef81fa4476.jpg,1
8461f6e4-f7d4-41db-bd05-7f94a1ddf53a_jpg.rf.788648923020df5151fc1a6d385f3d89.jpg,1
84faa04d-9703-4117-94f9-d4a7e6f1fd59_jpg.rf.e26290545bad03aad1ea3f49a58c95ac.jpg,3
8697b74d-a032-4057-9c6c-91b11d1900fa_jpg.rf.0d2108b4c8d22b7944409b67824e5789.jpg,1
8697b74d-a032-4057-9c6c-91b11d1900fa_jpg.rf.6e80a874e4d5a346b9af06d98da79130.jpg,1
86ced9b4-5da7-48c6-b89b-3d4f002bb859_jpg.rf.0543f86b5d432d918ea67fceed7febde.jpg,3
8791cf7e7b_jpg.rf.a189baf8f9c91086ef2dd8ee3250ccde.jpg,8
895ca34285_jpg.rf.e284d38cb5816fe9656fc9b82be048c7.jpg,3
89c637ce-01dc-43f4-9c59-35c41ff02fe2_jpg.rf.05ab7466e263c8df8c2f58916d534753.jpg,2
89c8dedd-1b01-45b9-9a47-baa44739fe4d_jpg.rf.35dda88c8b9af70db0314a2e764af546.jpg,1
89c8dedd-1b01-45b9-9a47-baa44739fe4d_jpg.rf.c10a562019cf33c8eb673a494235c75b.jpg,1
8aa7031929_jpg.rf.6435cee6862d931973f8f95fefd32a0b.jpg,1
8b1c21c16d_jpg.rf.02e87dcf8d7e8c7e72d3f4540fda6e5a.jpg,8
8bedf960-bfc5-4c0b-83ad-337be38fd706_jpg.rf.15df9725c701209734351232883bc1c8.jpg,1
8bedf960-bfc5-4c0b-83ad-337be38fd706_jpg.rf.6eced7ee8cc4e1295a444c52c0f976c5.jpg,1
8bedf960-bfc5-4c0b-83ad-337be38fd706_jpg.rf.71910addc06ec39db0ee68bd31c9acf8.jpg,1
8de3e31598_jpg.rf.3d162ba0e886d7eb3c0a5810a4ef17ce.jpg,4
8e692e5d-cef7-436b-a720-e592f333815f_jpg.rf.588c6134209a548a175b1e5467f0d675.jpg,1
8e692e5d-cef7-436b-a720-e592f333815f_jpg.rf.ebe38a902aa64e2884bcf5736c73b4d2.jpg,1
8ea74b64-c9a5-4caf-9e0b-e659b748632b_jpg.rf.6ab39ef2cf83b8f0eea2fe360ee9938e.jpg,2
8f8a4cc0e0_jpg.rf.3c6da2437a6d46ce746546f0e59e773c.jpg,1
90d6cc1a-c744-4dce-bb80-06dbe2ba695a_jpg.rf.48f8893c9871129cad21a0c6b8b9aeed.jpg,7
90d6cc1a-c744-4dce-bb80-06dbe2ba695a_jpg.rf.8fef7229a42e1edb2e52fc942e9c47d1.jpg,7
92bef99f-7398-4c4c-9f12-1e5811558966_jpg.rf.493f793c303eda0168c207dfd6fdb995.jpg,4
92bef99f-7398-4c4c-9f12-1e5811558966_jpg.rf.5717e72be923d98d09d810624d91a265.jpg,4
92bef99f-7398-4c4c-9f12-1e5811558966_jpg.rf.ff8a0c94bb537a7d8c8f8fbb7549925b.jpg,4
92caf25d-e65e-4534-9a66-9c50247e6650_jpg.rf.5899b221ff2d57dae29b490bfa155692.jpg,1
92caf25d-e65e-4534-9a66-9c50247e6650_jpg.rf.bbe68aae09f5cdac4ef39fce4c2f9073.jpg,1
92caf25d-e65e-4534-9a66-9c50247e6650_jpg.rf.bf587392e3aa84ef10b01e3df572ec84.jpg,1
9645683e-e5b1-4922-adb0-a986ae1bd69b_jpg.rf.9ff9f86b00b4441c50fd90ca1e159028.jpg,1
964db0034b_jpg.rf.df146f931a6f5bfbe0fbc085bb711013.jpg,4
9783ce4e-b2fc-45fe-9bb6-5d7f40d149bf_jpg.rf.82c7b7e3660bb8e86cf06ae3e21eeb0d.jpg,6
979972ef4b_jpg.rf.e2b5d22af92effa42b0f5447db229884.jpg,2
984512355e_jpg.rf.3d0f225f2fbb8bd3cc6160dab9423b11.jpg,8
984c5c1d65_jpg.rf.e6b0ec2c3db832b7999fb007851892c4.jpg,1
9886144124_jpg.rf.8c43378ec41aeba6b8730cbfa80c5a9b.jpg,1
9ab338f6-e13f-45b7-9b65-000f009e5d64_jpg.rf.037b31bdae92f34ea77df37b10e22297.jpg,1
9ab338f6-e13f-45b7-9b65-000f009e5d64_jpg.rf.045198835a757b46f4b6fc993f7d6fb7.jpg,1
9b591d7d12_jpg.rf.18a162a06a62276ae87d14ea7cd2a234.jpg,10
9ccd8109eb_jpg.rf.445b32cc2620d60144140976f0c83d2b.jpg,1
9dba2ab5-eccb-41b8-883e-f13ad0cf9b6c_jpg.rf.29d8960efa8a6ed47de8e6ae75a01272.jpg,1
9f060068-203e-4a08-abb7-7fd344b48e09_jpg.rf.637bbf0a85ebc88292de58fa053cc977.jpg,5
9f060068-203e-4a08-abb7-7fd344b48e09_jpg.rf.dc2f64ae852cb5512210200b883de526.jpg,5
a094879c-0c47-4b26-a193-bff89f7ed70f_jpg.rf.faba340bb1644370a400739467dd30d8.jpg,1
a1bb0d205a_jpg.rf.41a2a343421a6c42d76a86c40413e69a.jpg,8
a36be81d4b_jpg.rf.e30e458bf384b263a0523e219a9894ad.jpg,1
a39ffd85-9dee-4d6e-b117-26c9503d47b1_jpg.rf.ce8fc1b1aef07f37e8f9ac91524a97e2.jpg,1
a45f5038-0a82-4bc0-9433-acbe92156007_jpg.rf.397ace0972d4e9111eea976f149e3812.jpg,1
a4f07889a9_jpg.rf.e9e2cb491c8a554f8a953e168eb2fecd.jpg,1
a5593297-58d3-44b8-b4c0-c2500461a799_jpg.rf.8df15863074daeb621936028a0ab9352.jpg,1
abc8d5a860_jpg.rf.da914234b0cb79f6d6fddd0d01e70037.jpg,8
abe16773-2d0b-495d-80e2-215f30d58074_jpg.rf.3a188a951ce34dbc8dfc4e4d770530a6.jpg,1
abfe7b1b-67d1-4f53-86b4-7a6c7b795472_jpg.rf.eaecc65b78bc29dd19cf78977bcadac9.jpg,1
ae672961-97de-41cf-bd0a-20561deaa912_jpg.rf.ca96e5e6bc955eb6b5e64a95759aa10c.jpg,2
aeac0ceaf6_jpg.rf.2c1cbc0a2ec9daf5e3ad601dd64146b0.jpg,2
affc660e09_jpg.rf.32888fb4d1d6e7c090692bf2e2b908d4.jpg,3
b11e29c167_jpg.rf.2b59189171aade87d24e7f9464cdc23d.jpg,8
b36e4c61-9a37-4d89-93c2-6873ab028867_jpg.rf.3cc0028bfaf56f4cebd8f157efd81777.jpg,1
b36e4c61-9a37-4d89-93c2-6873ab028867_jpg.rf.965e3e92d97cce662ddb858557db9443.jpg,1
b3f185cadd_jpg.rf.62ec78784206924948d7c07e5a1adc8b.jpg,8
b487770510_jpg.rf.0521deac37f699f3758068c9ffad6ac6.jpg,1
b5d26df0-431a-4c75-8f73-d12d50efc154_jpg.rf.a2a9cfbf568122df20dc77abaa3a3439.jpg,2
b5d26df0-431a-4c75-8f73-d12d50efc154_jpg.rf.e45f6109281cbfa3fc9447b4415dc947.jpg,2
b5d26df0-431a-4c75-8f73-d12d50efc154_jpg.rf.e4c7b3488dac63d61c76e8e9ea699d5d.jpg,2
b693b01d-4491-426d-8c3b-4238c7340ac6_jpg.rf.2330ec056a60192951e21694bcf070d2.jpg,1
b91eb1a310_jpg.rf.05bf29adaaca3ace12b936744018609f.jpg,2
bb0bdcd84d_jpg.rf.55cf6dfc8e543228f1d96ae6d572dfee.jpg,3
bc0855f439_jpg.rf.1edb547f27e470ea47c4f2c4a243ebff.jpg,1
bc4a18ff1f_jpg.rf.64cdcee187880a81ef3dd234384bbfdc.jpg,3
bcac9845-e077-48bb-954a-f4e64b2a379a_jpg.rf.02ad6a4518a4606d228bb888cf00bf25.jpg,1
bcac9845-e077-48bb-954a-f4e64b2a379a_jpg.rf.838454fd1cae8b0fcc7eda955763b2ae.jpg,1
bcac9845-e077-48bb-954a-f4e64b2a379a_jpg.rf.f95d7cc3cfa01b32338350728506802c.jpg,1
bef8afa7af_jpg.rf.fade7212d5a6cd0c545b292c98b61747.jpg,6
bf10cbd2-4d67-40e9-97c3-1ce9773d6709_jpg.rf.ceeccc7d92331e0e852734097a14f228.jpg,1
bf13244a-4991-4947-bf15-8e53a66e1d88_jpg.rf.ad7384883033a68f71acc1e697a59318.jpg,1
bf13244a-4991-4947-bf15-8e53a66e1d88_jpg.rf.c30c3a5d681d9f87ed4000b74ac07b8f.jpg,1
c086d0fe16_jpg.rf.244e918ce8239fd8531d248f89d66165.jpg,2
c0dcc5b5-f4ae-4e58-855b-2de3a2478cf8_jpg.rf.a82d464bdd9e4267d4f84f6edaa34eb7.jpg,1
c0dcc5b5-f4ae-4e58-855b-2de3a2478cf8_jpg.rf.fe39eb885a10ffa392de6c28a0cd6909.jpg,1
c1393d30-9df9-423d-8fa9-8dd0d907dcb5_jpg.rf.2aa8fa72ac8323ddcd5a05db2b440d0e.jpg,6
c180aab7-3d60-4c5e-bc78-504341fb0a55_jpg.rf.107139a6dfe0148bdb4f45051cf3c87e.jpg,18
c180aab7-3d60-4c5e-bc78-504341fb0a55_jpg.rf.cfcbe2ec33e483e109cf6be6016ddfba.jpg,18
c180aab7-3d60-4c5e-bc78-504341fb0a55_jpg.rf.e7dad2ceb059b41494d8eef64cacd7ab.jpg,18
c3bdd9fe03_jpg.rf.16aa01581398726ca24dc3c4745aebfd.jpg,1
c3ef14cb-cf0a-4058-abef-011910e83e32_jpg.rf.65ced96c9f9a58d39fce3661a6c3acf7.jpg,2
c3ef14cb-cf0a-4058-abef-011910e83e32_jpg.rf.dbdf056e55ae4bbd064b02f61fc99f9d.jpg,2
c40490d2-1c92-48e5-9835-512296c75b84_jpg.rf.62a2a21ca7a931b296debe4c435f05ce.jpg,1
c40490d2-1c92-48e5-9835-512296c75b84_jpg.rf.69710fcbc43ab4916d580db681ddab0d.jpg,1
c4118c3e-1cef-4282-bb3d-4f35cc8def8d_jpg.rf.ed7eea1022e009627827fc49a5e260aa.jpg,2
c42c2d56-bde2-4ce7-8e2a-2734acb1330e_jpg.rf.0cd54f0d54227d11c38b0045154438a8.jpg,1
c42c2d56-bde2-4ce7-8e2a-2734acb1330e_jpg.rf.660eb670d57a90ce661efa0d11bbb555.jpg,1
c563ef6cdd_jpg.rf.3a12626dd599cdb59a7f03fc45ad5867.jpg,1
c57055d6-d596-4b4c-8593-03be6e6b2a1b_jpg.rf.c78577e7c19ee564a41deeaac63cc235.jpg,1
c57055d6-d596-4b4c-8593-03be6e6b2a1b_jpg.rf.d06a04ccc63a6d18ed590b8fd35e7a11.jpg,1
c68b8697d4_jpg.rf.16170a331e582ecdbb282d187d68e2ea.jpg,10
c69ce877-73f3-4017-9c50-c41383fe6b69_jpg.rf.50819b86bae28a2ab0efd3be2836026b.jpg,1
c69ce877-73f3-4017-9c50-c41383fe6b69_jpg.rf.d472af28591665a4eaaa601173c708e4.jpg,1
c6ff757750_jpg.rf.fc3ba7a41b38b6eaa658e54f64b0276a.jpg,8
c76227c4-b464-44c4-8d05-f004c3c07bd4_jpg.rf.01ef16f9194877da655afb272cc081fa.jpg,2
c76227c4-b464-44c4-8d05-f004c3c07bd4_jpg.rf.4f497b62a862c10767deded46e853895.jpg,2
c78ae213-14d2-4f8f-94e9-d625230a2f0e_jpg.rf.b50095d7e03ef82410b30de39b5b49a9.jpg,1
c78ae213-14d2-4f8f-94e9-d625230a2f0e_jpg.rf.e3bc18f6a62daab0529f95064a8d8ff0.jpg,1
c7b4fc68-b813-4850-9f7b-ab7201cf8199_jpg.rf.42271bfbfef20c09d1a8f79874661eed.jpg,2
c8c542e8-a8dd-4541-9374-98458f682b60_jpg.rf.14251603c51c003d3ffac57910b5d92a.jpg,1
c9b204ae4f_jpg.rf.e483c153c2514dc72c2192f7b1d283db.jpg,1
caacb13741_jpg.rf.3a1d4cd10db49364fd0e2ffc80cb3de9.jpg,1
cb3e4b105c_jpg.rf.956c02c24d3a2aceeaaf0f4ed4067d5c.jpg,1
cb471485-caae-48b3-9e3b-2eb2ebbff7e5_jpg.rf.839c440212586ce5d35b1ffb5ca38337.jpg,1
cb471485-caae-48b3-9e3b-2eb2ebbff7e5_jpg.rf.ba2891583ae7a120afd11db719ba36fd.jpg,1
cb471485-caae-48b3-9e3b-2eb2ebbff7e5_jpg.rf.c20f85dff74a7ad0ecd722d6cdbed3c9.jpg,1
cbb8677846_jpg.rf.8b29949604d1904bea297a14a24f95ce.jpg,12
cc5f8d64-26a6-4215-ae96-edb2a15711dd_jpg.rf.a5c4d2331405d54b6a1c1fd0b29aeb92.jpg,1
cd3057d705_jpg.rf.2434cce0cf8b278fb40f6882429167b6.jpg,1
cdb414f9d4_jpg.rf.9a3f960902c793f046edf91d8f90145c.jpg,8
cffb6c6a2a_jpg.rf.d5325b8f102ef1bb54c5346c6260a0e5.jpg,4
d0ee64bb-0c08-4ad9-addc-8f68e57e7d5b_jpg.rf.772761d378e56d34d1c7fad4121fdfbb.jpg,1
d0ee64bb-0c08-4ad9-addc-8f68e57e7d5b_jpg.rf.ef1ddc430d53aca885430c809e61b30f.jpg,1
d22531cbc0_jpg.rf.754a0dbfcc5b8af9217155da831a9228.jpg,1
d25731ab-4367-40ba-ae16-8e45708cbd5a_jpg.rf.6277eef47674e98adbb57e126379a08a.jpg,1
d25731ab-4367-40ba-ae16-8e45708cbd5a_jpg.rf.828ab2c0497be06345c108de51cf49c8.jpg,1
d25731ab-4367-40ba-ae16-8e45708cbd5a_jpg.rf.8cff10a018ad0b165f6232d60be81fe2.jpg,1
d4af6d5f-7e65-4e5d-88f2-b0942b7248cf_jpg.rf.473211084726b36df9cec445e1871ba1.jpg,2
d4af6d5f-7e65-4e5d-88f2-b0942b7248cf_jpg.rf.6fc87ae884eeffdc0d053bcc47ea701e.jpg,2
d4af6d5f-7e65-4e5d-88f2-b0942b7248cf_jpg.rf.714643224cdd7b9544c08fc4d4cb4092.jpg,2
d5f03613-4c22-4343-8114-c8dc34617970_jpg.rf.6b4af422d5f81f179e94543e080fdbcb.jpg,3
d7c6be57-5ec6-45b7-8c58-d070ab836c6a_jpg.rf.32d937c843440bc41b862969f7c310aa.jpg,2
d95ed4083d_jpg.rf.692bb9a237bf4a3cb02a9db3ba377274.jpg,8
dc372bda0c_jpg.rf.ba72d2e51eaef9355bf7644d71774bd6.jpg,1
dc9f28d4dc_jpg.rf.f712df590435d8656ac673b1c0db773e.jpg,1
defe0c372f_jpg.rf.9fc8ce1d24a4369d0e8ffe7b2eeb318c.jpg,2
df835d0d-80d8-4533-aebd-214a069a5b50_jpg.rf.2ee21ca4b64f3e3b08179946956aa84d.jpg,1
df835d0d-80d8-4533-aebd-214a069a5b50_jpg.rf.ba7aae4f50af6a20881695b13e9ad218.jpg,1
df835d0d-80d8-4533-aebd-214a069a5b50_jpg.rf.e9313e42d5870f5f5f5f7ec8e0d7a6eb.jpg,1
dfd7bd3f2e_jpg.rf.6532523eea3bcfb44697d142df04f963.jpg,1
download-10-_jpg.rf.b9038f4573b39cc3561973d5e807d88d.jpg,1
download-10-_jpg.rf.d4afa6bdedf1dbd0d48f8d9ab50898a6.jpg,1
download-14-_jpg.rf.3f3d9b6fba665fb2c3aef8ce72417da3.jpg,1
download-16-_jpg.rf.3bde63bb1c0559fee4dba10762b6a1c4.jpg,1
download-18-_jpg.rf.6fcc0b28646646d1d380e372c837c2e3.jpg,1
download-18-_jpg.rf.ba296e20931b90392dbe7488d4db70a6.jpg,1
download-19-_jpg.rf.5bbbaae149c5f1610432df98f48f1922.jpg,1
download-2022-04-06T192134-861_jpg.rf.2a3a193c2bd9a9e3556e62cafa33f870.jpg,2
download-2022-04-06T192134-861_jpg.rf.a4f58b3a5600c3a764fa303ab1df29c2.jpg,2
download-2022-04-06T192313-514_jpg.rf.e286873619c183d83a0a17ee1d67f6bb.jpg,1
download-2022-04-06T192313-534_jpg.rf.56a5f0557e1ffafb6d246bc3c1c7c44e.jpg,2
download-2022-04-06T192313-536_jpg.rf.f62c4992a8b2f5fa3ab09f61e0a63074.jpg,1
download-2022-04-06T192313-554_jpg.rf.61cb4cfb8ab78d00b75c6d1632c19ba8.jpg,1
download-2022-04-06T192313-554_jpg.rf.f00cae7757cc8d39968473f8eff068f4.jpg,1
download-2022-04-06T192313-561_jpg.rf.5be97e4961fec493add4f91dcd5c7752.jpg,1
download-24-_jpg.rf.34a87ae3e7ccee00a5a9a7ac267108e9.jpg,1
download-24-_jpg.rf.d0f9a533460ceee931de3ddb8f91480d.jpg,1
download-29-_jpg.rf.2a77863f384a016a4f679aed9b5028ba.jpg,1
download-29-_jpg.rf.b311e8e3d8ba63b58d5e8cda8c71bd8d.jpg,1
download-3-_jpg.rf.4df44499cf069412fe7480f1e2f5b516.jpg,1
download-3-_jpg.rf.5ab5728548ce1d0699c65545c654b889.jpg,1
download-3-_jpg.rf.ad3c5d434c275ee9cd1c4e7dfaaec954.jpg,1
download-30-_jpg.rf.1ffec0896475ecf957612d27619459c8.jpg,1
download-31-_jpg.rf.03ef16c3ee85b2810c67b4d3aeb61f91.jpg,1
download-31-_jpg.rf.c490edd8acef7667286fc0dda8c0537d.jpg,1
download-31-_jpg.rf.f43c98cc1fecb8ae2965255820ac85a5.jpg,1
download-32-_jpg.rf.2eb016f0e8ede64bc840425a3ec2e535.jpg,2
download-32-_jpg.rf.3345ef73c2d06b91c1b355a89e69446d.jpg,2
download-32-_jpg.rf.cf20f8b7f6be54edefe447b790b57e51.jpg,2
download-36-_jpg.rf.11268e779e153b9671519c24d9e05de8.jpg,1
download-36-_jpg.rf.b31910e261452c5705faeb64c3e05341.jpg,1
download-36-_jpg.rf.e14bf427b2780047714093aca089bc33.jpg,1
download-4-_jpg.rf.07c58912ed6d986ba04ebfee853fbb50.jpg,1
download-4-_jpg.rf.191ee4afa9f01fff4247cd445f185f1a.jpg,1
download-4-_jpg.rf.c716f23c26f0afd416f7c8df0f3249cc.jpg,1
download-52-_jpg.rf.744cb2315599ff55fcc04354e3e68af7.jpg,1
download-53-_jpg.rf.4d8d256a4b2606237d177e41c8a94c9e.jpg,1
download-54-_jpg.rf.b0df8840a15c5c9d1507679ff194033f.jpg,1
download-54-_jpg.rf.f72590485792be8eec8a255114d40109.jpg,1
download-55-_jpg.rf.a9dd8d8f7919b72b337f6388f3fa4471.jpg,2
download-55-_jpg.rf.b1fec71535f64e317265ea3f4348bbc9.jpg,2
download-56-_jpg.rf.44f248122a775d8fde9802bebccecdb4.jpg,1
download-56-_jpg.rf.613cafb2a17975f4fc7230dacd6df18f.jpg,1
download-56-_jpg.rf.a14ffe94ceef59b6eb350d992b21883b.jpg,1
download-57-_jpg.rf.c5c0a63c80838b9e0da7edb6299b3f57.jpg,2
download-57-_jpg.rf.e1f164d850a8bbeb0b67d37953ab6342.jpg,2
download-58-_jpg.rf.296bc070bc539fd781b1dbb7eff33656.jpg,1
download-58-_jpg.rf.657702cb2eba8f30c874ba1a05dafc6e.jpg,1
download-58-_jpg.rf.7be419d496e4fbc1bbbd33bd69569a12.jpg,1
download-59-_jpg.rf.0632729a73ffe73aa5207ebfe52797c3.jpg,1
download-59-_jpg.rf.71212b18f204166ae20ca89b444053e5.jpg,1
download-6-_jpg.rf.0480207d9ad4569c6dcfb188e127b107.jpg,6
download-60-_jpg.rf.2619a7ee790bbaf9e3daebb2e599b1e1.jpg,2
download-63-_jpg.rf.71e6f43fea388a994136a193a65c7781.jpg,1
download-64-_jpg.rf.0c1818faf0df53a8c407d48d8a0049ff.jpg,1
download-64-_jpg.rf.dd94c7dd275e002cd516497fc2206e06.jpg,1
download-64-_jpg.rf.eb721de7cf076ec3f0920265d256e8d3.jpg,1
download-69-_jpg.rf.788516ec390acdc15912bf2a5e8a2dfa.jpg,1
download-69-_jpg.rf.9510b16b306f181dbec2cf00b0ee92b4.jpg,1
download-69-_jpg.rf.ea35ec1e443aa5b73f19e766af74966e.jpg,1
download-7-_jpg.rf.4c4ee7f851ddf1f0663dfef9b647b9a7.jpg,1
download-7-_jpg.rf.bb672442f408ebf308dccebd48cf7bd7.jpg,1
download-82-_jpg.rf.8c9203cf016ab48d5e8aa51e7774c32e.jpg,1
download-87-_jpg.rf.c1a2434b9bc7f5b6920dbde0065b366b.jpg,1
download-87-_jpg.rf.cbb5f47871e159fd3e38599c45ba2796.jpg,1
download-95-_jpg.rf.2d0f9612b12f6500930cbc4a79829dee.jpg,1
DSC_2673_1561538896_jpg.rf.bb4c4e288928671cb0dcb00973708363.jpg,1
e0f66794-d2d4-4e05-918a-3b0d47824e4d_jpg.rf.17ec5d3b22ec5a388e0d3eaf95ee5c10.jpg,2
e0f66794-d2d4-4e05-918a-3b0d47824e4d_jpg.rf.84287a708d4e0363d4d93abdc964930a.jpg,2
e29dbcfa9a_jpg.rf.ee399fda0daf7a7b2a04121edd0f5524.jpg,4
e2b708fa1a_jpg.rf.ece07256450a85a2f6d233d57223fccc.jpg,2
e47206ac-06e7-4895-929a-ce9b7adbf19d_jpg.rf.4c83e7b2ac012f18da179d9feb962257.jpg,2
e546757803_jpg.rf.6ace6ca5ac8974f120db5f74f1ebdcf4.jpg,2
e5fa26be-f3bb-4313-a904-6d887dd904e9_jpg.rf.2e1b46e413a8668ea2fcaa2fbe766fdd.jpg,2
e7e65d25-3a02-421e-9d1d-0cc3e14780fd_jpg.rf.65a7223d157751ecc012052ffb4c8c96.jpg,2
e7e65d25-3a02-421e-9d1d-0cc3e14780fd_jpg.rf.7219510cc5083d6927a093ea177ca733.jpg,2
e85515d6-3753-4ff0-93f8-bed4d6e22c92_jpg.rf.d3b28d488dd6dc6b7b460fea406f98d2.jpg,2
eba230ec7a_jpg.rf.8c4a1cc0767e3e48522c552175e7d24f.jpg,2
ebbcd5a2c8_jpg.rf.c4db46740eb318b030ea1a5cce8d5b70.jpg,2
ed1f1c3d14_jpg.rf.94fb2df0ee8bf01c2ad5f757675511e2.jpg,8
ee28731997_jpg.rf.0e027817ab0058e96fa8801d2b173907.jpg,8
ef0b785d09_jpg.rf.bcc52713d605a4cd02d76df9a6c70355.jpg,1
ef941131-512f-4fb3-b574-d3c40e404046_jpg.rf.48a04394313ccbe2126f48563d03d770.jpg,1
ef941131-512f-4fb3-b574-d3c40e404046_jpg.rf.88be2ce696d6779a824ed1a2f8ecad77.jpg,1
f114bbe7-f395-4820-87c5-568bf8852838_jpg.rf.4cec9af7463f3fa2decf67e6431bb790.jpg,1
f114bbe7-f395-4820-87c5-568bf8852838_jpg.rf.73533c307f97d4c3f592bfd7fc1ee60e.jpg,1
f2f7530040_jpg.rf.f4447f0c40fd8305620eab63166a7eec.jpg,100
f3c81d3d71_jpg.rf.3abcd4c683dd745c0a6497dfe2246ebb.jpg,1
f4f9c6fcb5_jpg.rf.60e87598b75b052c049179ff030f68b7.jpg,1
f627dbdd5e_jpg.rf.87965a2696a335a4c953e357e4ed812b.jpg,16
f63b6856e5_jpg.rf.2ebb3aae14e964e46cbcceeba15329fc.jpg,1
f63d04a0ec_jpg.rf.7eb4a047d151801238da2b96f5543e37.jpg,21
f6a6dd9475_jpg.rf.0557d6a8d929bbe723b7291e9cc20dbd.jpg,1
f8c8e2d9aa_jpg.rf.67dea18124b28f488a29be76cdfa092b.jpg,1
fb74b7a7d6_jpg.rf.378e97f155017906f875ee8c077c0fd8.jpg,2
fb8593d04c_jpg.rf.d3815bcd4d1fb486c50ffbe13292f1d2.jpg,7
fc21d36337_jpg.rf.07eb0eda656b345c12cd85b754d4197c.jpg,1
fcf309eac1_jpg.rf.5d590040a16a70b3a573b2cc14a6f198.jpg,5
fd46ecf4bd_jpg.rf.096a7f72cfcf6b55075f6fc3fe805539.jpg,96
ff958ed226_jpg.rf.34f61856bfcb94c4f0c9b11e10ec17c5.jpg,8
IMG20230628145000_BURST000_COVER_jpg.rf.813b3a3161898f43c048b39323c3f98c.jpg,13
IMG20230628145000_BURST003_jpg.rf.f8bc06ba500cceefd6198d311e740e48.jpg,12
IMG20230628145000_BURST004_jpg.rf.9d201f5c8029abf0b246cf2b1cfd2408.jpg,12
IMG20230628145000_BURST005_jpg.rf.e8fddc911319fff134cf546482d8f4fe.jpg,12
IMG20230628145000_BURST007_jpg.rf.30158d12c969a81f3f28af75fcd4852f.jpg,11
IMG20230628145000_BURST008_jpg.rf.c4f0cca0cabf04b596b2f70aea02449f.jpg,10
IMG20230628145000_BURST009_jpg.rf.fc8fdc3aebc827906c594811d9787c4e.jpg,9
IMG20230628145000_BURST010_jpg.rf.3912eb7182e942661a1d9784560b1ed0.jpg,9
IMG20230628145000_BURST012_jpg.rf.cb3366afce7e190c843cf6c01f301100.jpg,9
IMG20230628145000_BURST013_jpg.rf.02a8528ee714488b2ce6372cc1bc05eb.jpg,9
IMG20230628145000_BURST014_jpg.rf.620f6eb485a0dfc57668e440c9f7f22b.jpg,10
IMG20230628145000_BURST015_jpg.rf.480f64deb32f4941abb1ed67b5b18c9c.jpg,9
IMG20230628145000_BURST016_jpg.rf.d19784d1da3c585f2297e4e6ffe95de3.jpg,9
IMG20230628145008_BURST000_COVER_jpg.rf.0a8a8034a9c4a585cf7a31c050eeace6.jpg,9
IMG20230628145008_BURST001_jpg.rf.d95ebb945feaad6f870131e4239aeb4b.jpg,9
IMG20230628145008_BURST002_jpg.rf.9b69b7346ddb2d3f5c93a64b32b7c431.jpg,9
IMG20230628145008_BURST003_jpg.rf.c8ff84cb2688b976c5a5d30eacc874c6.jpg,9
IMG20230628145008_BURST004_jpg.rf.8ba91af201a7bb72fed3045a1d31ced7.jpg,9
IMG20230628145008_BURST005_jpg.rf.b3e3d34ff486e6509e3cc55a39edd39a.jpg,9
IMG20230628145008_BURST006_jpg.rf.eefd6b6b686471a7bf8887e02968fbbc.jpg,9
IMG20230628145008_BURST008_jpg.rf.fd3b67e799c767e804e1178de11e5298.jpg,9
IMG20230628145008_BURST010_jpg.rf.565f30712ab5c278ea84545e6b9fe488.jpg,9
IMG20230628145008_BURST012_jpg.rf.b346f884ac3665e28d23cac7c4c1d881.jpg,9
IMG20230628145008_BURST014_jpg.rf.e9a99148927c151ac65d88b9960e2803.jpg,9
IMG20230628145011_BURST001_jpg.rf.9c065f1a3130504b8aa68efd6307d402.jpg,9
IMG20230628145011_BURST002_jpg.rf.d8e37475218a26b77846ed9030103bf1.jpg,9
IMG20230628145011_BURST003_jpg.rf.4d8564152f195d8e7aed58c19ff7c3e9.jpg,9
IMG20230628145011_BURST004_jpg.rf.4173af91a366f3e5cf7d5793e3f833d4.jpg,9
IMG20230628145011_BURST005_jpg.rf.647f94e5f5ca906227cff37d33def07a.jpg,9
IMG20230628145011_BURST007_jpg.rf.136fe6fef36780105389b5f65722e9e2.jpg,9
IMG20230628145011_BURST013_jpg.rf.31aece941149b1905c622d38e6408da5.jpg,9
IMG20230628145011_BURST014_jpg.rf.d98949e5b49c611fdfe42b77f70339e9.jpg,9
IMG20230628145011_BURST016_jpg.rf.9fce9e2a4f97efb16810f3535965cedd.jpg,9
IMG20230628145015_BURST000_COVER_jpg.rf.0ce55e5efa04b7fb5a9e01ef6ab63e89.jpg,9
IMG20230628145015_BURST001_jpg.rf.b1b7b8036aadedea5813ec5e7c51e8e2.jpg,9
IMG20230628145015_BURST005_jpg.rf.a9ef12a50dbb9ccd98c9c3f5b153e3eb.jpg,9
IMG20230628145015_BURST007_jpg.rf.87eb0b2807764cd70582746411a6683a.jpg,9
IMG20230628145015_BURST009_jpg.rf.2de32420bacf914a00baaf7ec90c19e6.jpg,9
IMG20230628145015_BURST012_jpg.rf.650d1052f4b150144ce277d2080c116b.jpg,9
IMG20230628145015_BURST016_jpg.rf.01241ef91efe5d96f0d1abb79b38fa0d.jpg,9
IMG20230628145028_BURST000_COVER_jpg.rf.e4db0a0f0afe666c2d85b503071e46f4.jpg,9
IMG20230628145028_BURST001_jpg.rf.b78bb38e716cb1b3c7e8adb31efe91a2.jpg,9
IMG20230628145028_BURST002_jpg.rf.87f6eab85e61fb2727c06108319f9221.jpg,9
IMG20230628145028_BURST003_jpg.rf.6ba58db6c088a1bef48209b03be97830.jpg,9
IMG20230628145028_BURST004_jpg.rf.bbdba9bef442407ca3e549a22cf45204.jpg,9
IMG20230628145028_BURST005_jpg.rf.adbe9aca6926fb8b605fc4e1f28255f3.jpg,9
IMG20230628145028_BURST006_jpg.rf.ab123e43d10bafb1dd39950316d9a7d5.jpg,9
IMG20230628145028_BURST007_jpg.rf.e244261a193382c80e5f04d5f3c92564.jpg,9
IMG20230628145028_BURST008_jpg.rf.1a8cf24e7f949fedbdeb88cf938167f4.jpg,9
IMG20230628145028_BURST011_jpg.rf.2c72d9a462f9e08cca1e7acd3bd6c2b2.jpg,9
IMG20230628145028_BURST014_jpg.rf.c6a106f735531ea2677f01e5794d3517.jpg,9
IMG20230628145042_BURST001_jpg.rf.057e18c96b13b1f6572fdab3f5fb7a57.jpg,10
IMG20230628145042_BURST002_jpg.rf.cce20d720ba703710f57a9729da934f6.jpg,9
IMG20230628145042_BURST003_jpg.rf.d94e687b51cc10d14b4cee179a616382.jpg,9
IMG20230628145042_BURST009_jpg.rf.e7b8a43ed68d32530bf84876d437924e.jpg,9
IMG20230628145056_BURST000_COVER_jpg.rf.90093aba572e19ad77c261d28dcf4a90.jpg,34
IMG20230628145056_BURST012_jpg.rf.6afeeb3f4cf6e0d7644ea6ad10aa246b.jpg,8
IMG20230628145056_BURST014_jpg.rf.176c78ebb7c5beac958a3317ec92e473.jpg,10
IMG20230628145056_BURST019_jpg.rf.6253a875d112aea8679be21f1d8d7b01.jpg,9
IMG20230628145122_BURST002_jpg.rf.a432236a123ddfe63d7b54d0d0b5f3cb.jpg,58
IMG20230628145122_BURST008_jpg.rf.8a5ba30835b37489c08f594ec4d7c974.jpg,54
IMG20230628145122_BURST018_jpg.rf.a6ba9aa2c210eb2c4dca31e334b6e062.jpg,54
IMG20230628145122_BURST019_jpg.rf.7f6e8a2bf9875ceedddcded6d1cb3e59.jpg,52
IMG20230628145131_BURST001_jpg.rf.4ded079f9e64833ff4f563d6b87c8bd9.jpg,22
IMG20230628145131_BURST016_jpg.rf.9367f3f66df027eca35f6f3725fc2b09.jpg,36
IMG20230628145318_BURST002_jpg.rf.633ef15bcbdb88424325c8ff59ad2b54.jpg,8
IMG20230628145318_BURST003_jpg.rf.45b5ca259c53379c870a93a12fdde989.jpg,8
IMG20230628145318_BURST004_jpg.rf.2943400cd20008e88276d44bdb257f34.jpg,9
IMG20230628145318_BURST005_jpg.rf.8dfa3017d7e0d35d9ea0496e84ec8fc0.jpg,8
IMG20230628145318_BURST009_jpg.rf.62a569ef3aa37acac2f656254346da97.jpg,9
IMG20230628145318_BURST010_jpg.rf.e72bb55dcaf953c74cf6baafb9e11959.jpg,8
IMG20230628145318_BURST011_jpg.rf.7374e34aa9b65183bc9a55ca3cf65c9a.jpg,8
IMG20230628145326_BURST000_COVER_jpg.rf.2a80b37643871a8695218f1c4728625e.jpg,6
IMG20230628145326_BURST003_jpg.rf.0bd4f520fd7d7df5884ca20de4c6401b.jpg,6
IMG20230628145326_BURST009_jpg.rf.0a5c981fe6716a11aa0d77b16af6847a.jpg,6
IMG20230628145326_BURST017_jpg.rf.9526aaf1fdad0a81393e210d7ff18d5f.jpg,6
IMG20230628145335_BURST000_COVER_jpg.rf.71234f2a98436ef3a46cfbe48f842fce.jpg,9
IMG20230628145335_BURST001_jpg.rf.5d642e74afa1870f17834db53a4baa56.jpg,1
IMG20230628145348_BURST000_COVER_jpg.rf.deb48872a8d9609ab083a97c07976c9b.jpg,1
IMG20230628145348_BURST001_jpg.rf.96762082b257f2f7db6bcc5849820f2d.jpg,1
IMG20230628145348_BURST003_jpg.rf.f7fef97629b37ba9bade42a0371e68b0.jpg,1
IMG20230628145348_BURST004_jpg.rf.d245c7863f4be9a50ce95c1102a8ac3a.jpg,1
IMG20230628145348_BURST005_jpg.rf.66e7e0f15608ddd90046e471aa4392ec.jpg,1
IMG20230628145348_BURST008_jpg.rf.18209e44a6ca2466d826465683d46316.jpg,1
IMG20230628145348_BURST009_jpg.rf.b98c233bb874d5c1c864084272dd8c9a.jpg,1
IMG20230628145355_BURST000_COVER_jpg.rf.43b1240c448e57dfac418d98efdf3f14.jpg,1
IMG20230628145355_BURST002_jpg.rf.bced6a90b23f443738299351bc21d6c0.jpg,1
IMG20230628145355_BURST004_jpg.rf.f82eb21c1e8c52f1bc620c4466c0a3c4.jpg,1
IMG20230628145355_BURST005_jpg.rf.fd2b0d6b939601c5c33bcedacc311ae4.jpg,1
IMG20230628145355_BURST006_jpg.rf.4d707a5ff4b9e4c402784bc30c190408.jpg,1
IMG20230628145355_BURST007_jpg.rf.ee8c645d6c97b794425b1e388c60c929.jpg,1
IMG20230628145355_BURST009_jpg.rf.98d8cad38a4b892132b0a15ee05ab860.jpg,1
IMG20230628145355_BURST011_jpg.rf.9039ffb9a9445d7813b763af6ca57436.jpg,1
IMG20230628145355_BURST012_jpg.rf.6a371f04c9ec2225526e3af73247286b.jpg,1
IMG20230628145355_BURST017_jpg.rf.a9e4281a6fab9b028924c9fc7f109e68.jpg,1
IMG20230628145355_BURST019_jpg.rf.442b5399c9c3e107064479b61d7e4258.jpg,1
IMG20230628145400_BURST000_COVER_jpg.rf.bdc335abaa0f69bfaa9756d91a012759.jpg,2
IMG20230628145400_BURST001_jpg.rf.9630d5de99335bc4e70de8f218a7c1c8.jpg,2
IMG20230628145400_BURST002_jpg.rf.965e4e83f441db4fc9f0e8001f39c2d3.jpg,2
IMG20230628145400_BURST004_jpg.rf.357e949f257cf3ce202db54903edac36.jpg,2
IMG20230628145400_BURST006_jpg.rf.57966c642dde4b32913298015d8966b1.jpg,2
IMG20230628145400_BURST009_jpg.rf.472d2d5c1c07d953b55264398ff091fe.jpg,2
IMG20230628145407_BURST000_COVER_jpg.rf.a2eaccc8b013adffcc2310c7f991b595.jpg,2
IMG20230628145407_BURST001_jpg.rf.1211c34388ee1b5c7a540660e69d7a4d.jpg,2
IMG20230628145407_BURST004_jpg.rf.aaad519f240f67cb43634cedde02507a.jpg,2
IMG20230628145407_BURST005_jpg.rf.98ebd21e07fa98fb5fadca43a0b484b8.jpg,2
IMG20230628145407_BURST006_jpg.rf.c57b8f0b4564851a8072c181845fc625.jpg,2
IMG20230628145407_BURST009_jpg.rf.6c6aef5ddc4f14c87d06e0a57dde11e6.jpg,2
IMG20230628145407_BURST011_jpg.rf.7fb6dadfa62ab94dbe1ec5aee20a3514.jpg,2
IMG20230628145414_BURST000_COVER_jpg.rf.0f99b304360a84a255576f83dd2e6736.jpg,1
IMG20230628145414_BURST006_jpg.rf.9c7c0c0cb89c4d162f4b9ec33cffa4e3.jpg,1
IMG20230628145414_BURST008_jpg.rf.ec379223e831c3b9ed85779295e58667.jpg,1
IMG20230628145414_BURST011_jpg.rf.950f027e79bda70e984e2453dda199fc.jpg,1
IMG20230628145414_BURST016_jpg.rf.f1005b9428d9f2816a94e3840754368b.jpg,1
IMG20230628145414_BURST018_jpg.rf.71c9f71917c137b7b90a45785fe1311a.jpg,1
IMG_4184_JPG.rf.f055b3bf91a28c36d188aaedc75e8399.jpg,60
IMG_4185_JPG.rf.ab85515b79743259080ac15912069a6a.jpg,59
IMG_4188_JPG.rf.5e8db0f2a6951616739fb12f98dc2c1d.jpg,45
IMG_4190_JPG.rf.7fa569aca0663483b9bf806161bad732.jpg,45
IMG_4192_JPG.rf.62c86e424ebbbd7c4a253598b402fe80.jpg,50
IMG_4193_JPG.rf.5f56a51bf3b55f9f9581b87629d47744.jpg,8
IMG_4195_JPG.rf.4515f4974fd806fe5a4bd7f2968be57f.jpg,8
IMG_4196_JPG.rf.c79d910d476473225cb042182ed57130.jpg,8
IMG_4198_JPG.rf.9de842af3c51a42387025b0c8a46f994.jpg,24
IMG_4200_JPG.rf.b1744c1305e7497fe9dc324779d095e7.jpg,24
IMG_4202_JPG.rf.1b173fccb95af58b88fcb076a19df10b.jpg,25
IMG_4203_JPG.rf.44be21f0ff85f26e5f8e1706aeb75780.jpg,60
IMG_4204_JPG.rf.7f581e2275c30df28511360b5dcb8999.jpg,43
IMG_4205_JPG.rf.46316dfaa965f7f192f37105fa656d5f.jpg,43
IMG_4207_JPG.rf.8c4dc37b0a8e38973c27229763cb5036.jpg,35
IMG_4208_JPG.rf.c37ffa3beb70346320926e23d65cb3f1.jpg,34
IMG_4210_JPG.rf.435d5b8e47fae2098e9ccdea869f3cd8.jpg,46
train_10_jpg.rf.01587636f0490ee33ab73f1a5d9410d1.jpg,29
train_11_jpg.rf.911b692a78718269d5a19138b8a4260e.jpg,29
train_12_jpg.rf.9ef70275a4f32a8a25b527c7713b847e.jpg,29
train_13_jpg.rf.de25c760be2c68c5f04679982eb3978f.jpg,29
train_14_jpg.rf.7bd369ed129964fff4437fd4b98b96bd.jpg,29
train_15_jpg.rf.6e26d15088b628b5799a3c5f9b1b4cf4.jpg,16
train_16_jpg.rf.4f2a987692259cdf37ab480c2041e672.jpg,14
train_17_jpg.rf.c548a8aeacdeded8d25ea99ee394f8fa.jpg,14
train_18_jpg.rf.5846c23376cb9fb119a7ff055049f4da.jpg,14
train_19_jpg.rf.328ec2e76dcdf953fe50ca98f9ad48a8.jpg,14
train_1_jpg.rf.bbc834600a77e97aeced4944ba832a5f.jpg,30
train_20_jpg.rf.8d91dfe185ada9d9904891825c692b67.jpg,61
train_21_jpg.rf.c9d671b3d2f925f9e0171b54f8e60489.jpg,60
train_22_jpg.rf.da1ded2f1b37de370cfcf0605c6bd115.jpg,61
train_23_jpg.rf.b56d891e35e80dc67aaee19bf5865399.jpg,61
train_24_jpg.rf.64e14202651e41c3cda787936238b6c5.jpg,30
train_25_jpg.rf.b1fde0cb2938463c5dedf5f716922975.jpg,31
train_26_jpg.rf.db949e473b650522946d5bda16f90a14.jpg,31
train_27_jpg.rf.99c219a47bc9c37b4ccefbb32928e5be.jpg,30
train_28_jpg.rf.afa782b1a93882ca0387dd4b52af7c41.jpg,31
train_29_JPG.rf.bf8fb8f5becb19908d2b465ebda72f74.jpg,28
train_2_jpg.rf.26ca25840e63d0bad2e29c0b7ee278cc.jpg,29
train_30_JPG.rf.bda3b501583e6b1e963e60f26a8260bb.jpg,28
train_31_JPG.rf.b6a9600e0e68271ed9a9721922e620b9.jpg,38
train_32_JPG.rf.ac61f8dff2b170a85bf94daaa6271e71.jpg,38
train_33_JPG.rf.6adf92b65d3e417bd7cd76750fefb7d2.jpg,38
train_35_JPG.rf.3e3ff5fc9d885365741fc6a43fe1fa64.jpg,38
train_36_JPG.rf.430bc384c37217cb49acfcc4947c6afe.jpg,38
train_37_JPG.rf.13f329dba51ccb4ad3decaffb487c359.jpg,38
train_38_JPG.rf.08d693018c83c629510a22ef488748f7.jpg,38
train_3_jpg.rf.6a4adff6edfb91d8066cdf8dbc4f3e23.jpg,28
train_4_jpg.rf.76d5c17203eca6c51622091a30a09ce9.jpg,29
WhatsApp-Image-2023-06-28-at-10-20-35-1-_jpeg_jpg.rf.4e2c7727e17ece3a3987f1918ed52f21.jpg,8
WhatsApp-Image-2023-06-28-at-10-20-35-2-_jpeg_jpg.rf.426c1c8c53d8c239ff30b8f3fe66ff97.jpg,9
WhatsApp-Image-2023-06-28-at-10-20-35-3-_jpeg_jpg.rf.2c5e4b4f83e88f3aa6ae3aba2b976d21.jpg,10
WhatsApp-Image-2023-06-28-at-10-20-36-2-_jpeg_jpg.rf.de4f97c9a8489b19f28c89b2f217e6a5.jpg,8
WhatsApp-Image-2023-06-28-at-10-20-36-3-_jpeg_jpg.rf.86ec5de7c7decad40d59556bde3b1ef1.jpg,7
WhatsApp-Image-2023-06-28-at-10-20-36-4-_jpeg_jpg.rf.06e0db2710251075f8a0dddc7dc9b43e.jpg,6
WhatsApp-Image-2023-06-28-at-10-20-36-6-_jpeg_jpg.rf.04e205f71791fa6c07766a4743fb5b49.jpg,6
WhatsApp-Image-2023-06-28-at-10-20-36-7-_jpeg_jpg.rf.e789a2f14739b6cfcb33ea225e19fd97.jpg,6
WhatsApp-Image-2023-06-28-at-10-20-36-8-_jpeg_jpg.rf.60ed1ce7d7cb44021c72b86cea5d32b2.jpg,6
WhatsApp-Image-2023-06-28-at-10-20-36_jpeg_jpg.rf.8783b2a6f50902497406dace941bdbfc.jpg,10
WhatsApp-Image-2023-06-28-at-10-20-37-3-_jpeg_jpg.rf.af16f0987689f0960482ae462f31ce54.jpg,3
WhatsApp-Image-2023-06-28-at-10-20-37-4-_jpeg_jpg.rf.8b67fd517409bd0a9988ffad4e8ac70c.jpg,3
WhatsApp-Image-2023-06-28-at-10-20-37-5-_jpeg_jpg.rf.1264c3ea82eb442ac2cea53e0bf40f33.jpg,3
WhatsApp-Image-2023-06-28-at-10-20-37-6-_jpeg_jpg.rf.5a20203d7970151ed8b000bf40e1347e.jpg,3
WhatsApp-Image-2023-06-28-at-10-20-38-1-_jpeg_jpg.rf.1c8b2aea05b74b237d5fcaeb601b938a.jpg,3
WhatsApp-Image-2023-06-28-at-10-20-38-2-_jpeg_jpg.rf.9c3ba7cb5a8904f6fa2d663954f0b44c.jpg,3
WhatsApp-Image-2023-06-28-at-10-20-38-5-_jpeg_jpg.rf.6a64abfadaef9b26da65f4154b8688ec.jpg,13
WhatsApp-Image-2023-06-28-at-10-20-38-6-_jpeg_jpg.rf.cb23af19467abad3f4464f360817bc31.jpg,8
WhatsApp-Image-2023-06-28-at-10-20-38-7-_jpeg_jpg.rf.90989502a6dc5e2a87fab8e5060bc39b.jpg,10
WhatsApp-Image-2023-06-28-at-10-20-38_jpeg_jpg.rf.3807568ae9d8485004d8c5a64c40bcef.jpg,3
WhatsApp-Image-2023-06-28-at-10-20-39-1-_jpeg_jpg.rf.3540fdd5969743fe4fff949b216eb602.jpg,8
WhatsApp-Image-2023-06-28-at-10-20-39-2-_jpeg_jpg.rf.0a0f93133ce8b5609d371f483a8efc6d.jpg,21
WhatsApp-Image-2023-06-28-at-10-20-39-4-_jpeg_jpg.rf.ba54975de806779461b0fbd857405a5a.jpg,21
WhatsApp-Image-2023-06-28-at-10-20-39-5-_jpeg_jpg.rf.7c9783b955fe75d13bcd094bb66ca766.jpg,17
WhatsApp-Image-2023-06-28-at-10-20-39-6-_jpeg_jpg.rf.9e71fa63f361a78d3c52d945b808ae6e.jpg,14
WhatsApp-Image-2023-06-28-at-10-20-39-7-_jpeg_jpg.rf.883732cab82105b8543afa378477aace.jpg,17
WhatsApp-Image-2023-06-28-at-10-20-40-2-_jpeg_jpg.rf.04782ee2a68f52c83bcc97d63f636c1a.jpg,21
WhatsApp-Image-2023-06-28-at-10-20-40-3-_jpeg_jpg.rf.d3733f2fcc64251d89013a9c67df46d5.jpg,13
WhatsApp-Image-2023-06-28-at-12-23-19-1-_jpeg_jpg.rf.3d04c8ff5ea59ec2399cfd11af946ed1.jpg,7
WhatsApp-Image-2023-06-28-at-12-23-19-2-_jpeg_jpg.rf.f2ceb48f9d7a7fa485abd3e5510cb4fa.jpg,5
WhatsApp-Image-2023-06-28-at-12-23-19_jpeg_jpg.rf.7dd1dbbf4bc992b5670abbf9665b7672.jpg,20
WhatsApp-Image-2023-06-28-at-12-23-21_jpeg_jpg.rf.70f18ac7fcaa7366df60730d7e050cd6.jpg,4
WhatsApp-Image-2023-06-28-at-12-23-22_jpeg_jpg.rf.7ef224c739734a12b0605eaac4e826f9.jpg,9
WhatsApp-Image-2023-06-28-at-12-23-23-3-_jpeg_jpg.rf.79e487cb8d02c971d3799fc8e59857d9.jpg,52
WhatsApp-Image-2023-06-28-at-12-23-23-4-_jpeg_jpg.rf.f737b9d5ccb02d4a88c812695c4f5c3c.jpg,64
WhatsApp-Image-2023-06-28-at-12-23-23-5-_jpeg_jpg.rf.2321576b93c9f10f5dc8beddbe0617d4.jpg,1
WhatsApp-Image-2023-06-28-at-12-23-23_jpeg_jpg.rf.93b17524fd77514e379a0880f772d1b1.jpg,7
WhatsApp-Image-2023-06-28-at-12-38-37_jpeg_jpg.rf.eb6af8f737925e8f8100b41850e1534c.jpg,5
WhatsApp-Image-2023-06-28-at-12-38-38-1-_jpeg_jpg.rf.98bc4339044b211ff53e747b5d09139c.jpg,6
WhatsApp-Image-2023-06-28-at-12-38-38-2-_jpeg_jpg.rf.09abd77e12dbf18373e471f408d2fe94.jpg,5
WhatsApp-Image-2023-06-28-at-12-38-38_jpeg_jpg.rf.c663ba82042ebe3c5fb8264424de1bb2.jpg,6
WhatsApp-Image-2023-06-28-at-12-38-39-2-_jpeg_jpg.rf.50007278253d02df6af69df8e49e0f9a.jpg,2
WhatsApp-Image-2023-06-28-at-12-38-39_jpeg_jpg.rf.15bff9e5155670c26446d14763e5b628.jpg,5
WhatsApp-Image-2023-06-28-at-12-38-40-1-_jpeg_jpg.rf.742b17379485ccdde271ee6b7f9626a4.jpg,6
WhatsApp-Image-2023-06-28-at-12-38-40_jpeg_jpg.rf.974edddc96e14f75124cc147957351c2.jpg,4
WhatsApp-Image-2023-06-28-at-12-38-48-2-_jpeg_jpg.rf.d705f922f319cc8f1ed1f83a627ffde6.jpg,4
WhatsApp-Image-2023-06-28-at-12-38-48_jpeg_jpg.rf.f1b1e28a8a6fa7b00072cd6ca6b7eeee.jpg,5
WhatsApp-Image-2023-06-28-at-12-38-49-1-_jpeg_jpg.rf.3864237ddff54242c5eb1c36db67ecd3.jpg,4
WhatsApp-Image-2023-06-28-at-12-38-49-2-_jpeg_jpg.rf.6183f38450fdcb8115cc330762fb30b0.jpg,4
WhatsApp-Image-2023-06-28-at-12-38-49-3-_jpeg_jpg.rf.0987d1b7b89aa3f8411a0dde547cc07d.jpg,4
WhatsApp-Image-2023-06-28-at-12-38-49-4-_jpeg_jpg.rf.c8eea6487b8e58c8ce8f4c5468586569.jpg,3
WhatsApp-Image-2023-06-28-at-12-38-49-5-_jpeg_jpg.rf.07e67f2b5e5e4bcf6fe0dadefde62589.jpg,3
WhatsApp-Image-2023-06-28-at-12-38-49-6-_jpeg_jpg.rf.2f0f10b0af32717772d018b188b71a02.jpg,3
WhatsApp-Image-2023-06-28-at-12-38-49_jpeg_jpg.rf.ea7677c814fd300aa57061bc89e9cfb8.jpg,2
WhatsApp-Image-2023-06-28-at-12-39-06_jpeg_jpg.rf.891e1445067461c230945abc63ded808.jpg,4
WhatsApp-Image-2023-06-28-at-12-39-07-1-_jpeg_jpg.rf.0a1a57c9a4b2dcdaca70208d0835a312.jpg,5
WhatsApp-Image-2023-06-28-at-12-39-07-2-_jpeg_jpg.rf.dee3e42bc380b8e5e0f7d807f55b8974.jpg,3
WhatsApp-Image-2023-06-28-at-12-39-08-1-_jpeg_jpg.rf.2968a80f938276322e1413a93d5ce313.jpg,3
WhatsApp-Image-2023-06-28-at-12-39-08-2-_jpeg_jpg.rf.682a7b77350222e316670355557e516f.jpg,3
WhatsApp-Image-2023-06-28-at-12-39-08-3-_jpeg_jpg.rf.028668e5b3fa1dc3f84b3a38136a8d90.jpg,4
WhatsApp-Image-2023-06-28-at-12-39-08_jpeg_jpg.rf.9106f4802218629a48e2d0125d728bb4.jpg,3
WhatsApp-Image-2023-06-28-at-12-39-09-1-_jpeg_jpg.rf.cc533d5f7531750f76ea7833ae0ab7c8.jpg,3
WhatsApp-Image-2023-06-28-at-12-39-09-2-_jpeg_jpg.rf.27a51e150e690821dcecbdbc0232f532.jpg,2
WhatsApp-Image-2023-06-28-at-12-39-09_jpeg_jpg.rf.16052f081e0134ef0f5edd482cddf7a9.jpg,4
WhatsApp-Image-2023-06-28-at-12-41-21-1-_jpeg_jpg.rf.5ba7fab4ed658502fa3e62eb0e4bf78e.jpg,3
WhatsApp-Image-2023-06-28-at-12-41-21_jpeg_jpg.rf.aab1f5a8902c1c4e8b274d51a1c0d7ed.jpg,3
WhatsApp-Image-2023-06-28-at-12-41-22-1-_jpeg_jpg.rf.61d06b28f18955642eafb984468ed2ba.jpg,4
WhatsApp-Image-2023-06-28-at-12-41-22-2-_jpeg_jpg.rf.3d9c7102b294b4192db0f4ced7c04600.jpg,4
WhatsApp-Image-2023-06-28-at-12-41-22-3-_jpeg_jpg.rf.17baa3760b4cf5c092fc82473c034fd3.jpg,3
WhatsApp-Image-2023-06-28-at-12-41-22_jpeg_jpg.rf.dfd15adac463fe817b154ab4a8eceba1.jpg,3
WhatsApp-Image-2023-06-28-at-13-43-02-1-_jpeg_jpg.rf.9a00832741116bcb77877b58a4d123e7.jpg,3
WhatsApp-Image-2023-06-28-at-13-43-03-1-_jpeg_jpg.rf.5b47866b968d9a67563465c76389d6b1.jpg,3
WhatsApp-Image-2023-06-28-at-13-43-03_jpeg_jpg.rf.61b6bf55044e75cdf976bca0fa0fde75.jpg,3
WhatsApp-Image-2023-06-28-at-13-43-08-1-_jpeg_jpg.rf.6efdd764e737a6d4b4be8eae98bc9020.jpg,5
WhatsApp-Image-2023-06-28-at-13-43-08-2-_jpeg_jpg.rf.33078ad2c2e665f1464981c2e389cbca.jpg,3
WhatsApp-Image-2023-06-28-at-13-43-08-3-_jpeg_jpg.rf.147d09db0e0f97904d72027c21e641cd.jpg,2
WhatsApp-Image-2023-06-28-at-13-43-08-4-_jpeg_jpg.rf.df76a477daae3b02bdb15dc5b623b9d1.jpg,4
WhatsApp-Image-2023-06-28-at-13-43-08_jpeg_jpg.rf.c9f42db736827cf28d46a57b2def7009.jpg,4
WhatsApp-Image-2023-06-28-at-13-43-09-2-_jpeg_jpg.rf.3f1b40f22fd54f865e32db1aea55a009.jpg,3
WhatsApp-Image-2023-06-28-at-13-43-09-3-_jpeg_jpg.rf.d45f0caa5fcbf73789e3e9af95456f6c.jpg,3
WhatsApp-Image-2023-06-28-at-13-43-09-4-_jpeg_jpg.rf.4e8881f7273bdd9ebd8ac8bea8fba360.jpg,4
WhatsApp-Image-2023-06-28-at-13-43-09-5-_jpeg_jpg.rf.fe92c4d5cd26b271e096a4869ea66ccc.jpg,6
WhatsApp-Image-2023-06-28-at-13-43-10-1-_jpeg_jpg.rf.f56816f5d86bfa01c7d2e0056e30b3dc.jpg,4
WhatsApp-Image-2023-06-28-at-13-43-10-3-_jpeg_jpg.rf.b8a1469a46858b0d909b92d66e1b3cde.jpg,4
WhatsApp-Image-2023-06-28-at-13-43-10_jpeg_jpg.rf.7d6e9bcaedb95bd9130d2c07eac96fd3.jpg,4
